--
-- PostgreSQL database dump
--

-- Dumped from database version 15.2
-- Dumped by pg_dump version 15.2

SET statement_timeout = 0;
SET lock_timeout = 0;
SET idle_in_transaction_session_timeout = 0;
SET client_encoding = 'WIN1251';
SET standard_conforming_strings = on;
SELECT pg_catalog.set_config('search_path', '', false);
SET check_function_bodies = false;
SET xmloption = content;
SET client_min_messages = warning;
SET row_security = off;

--
-- Name: public; Type: SCHEMA; Schema: -; Owner: postgres
--

-- *not* creating schema, since initdb creates it


ALTER SCHEMA public OWNER TO postgres;

--
-- Name: SCHEMA public; Type: COMMENT; Schema: -; Owner: postgres
--

COMMENT ON SCHEMA public IS '';


SET default_tablespace = '';

SET default_table_access_method = heap;

--
-- Name: control_objects_testing; Type: TABLE; Schema: public; Owner: postgres
--

CREATE TABLE public.control_objects_testing (
    control_object_testing_code integer NOT NULL,
    test_code integer NOT NULL,
    works_description text,
    control_object_code integer NOT NULL
);


ALTER TABLE public.control_objects_testing OWNER TO postgres;

--
-- Name: departments; Type: TABLE; Schema: public; Owner: postgres
--

CREATE TABLE public.departments (
    department_num integer NOT NULL,
    short_name character varying(10),
    dep_full_name character varying(50),
    entity_short_name character varying,
    entity_full_name character varying(50),
    director_name character varying(50)
);


ALTER TABLE public.departments OWNER TO postgres;

--
-- Name: TABLE departments; Type: COMMENT; Schema: public; Owner: postgres
--

COMMENT ON TABLE public.departments IS 'таблица цехов';


--
-- Name: objects_of_control; Type: TABLE; Schema: public; Owner: postgres
--

CREATE TABLE public.objects_of_control (
    control_object_code integer NOT NULL,
    additional_information text,
    category character varying(20),
    subcategory character varying(50),
    documents character varying(100)
);


ALTER TABLE public.objects_of_control OWNER TO postgres;

--
-- Name: requests; Type: TABLE; Schema: public; Owner: postgres
--

CREATE TABLE public.requests (
    number_of_tests integer,
    worker_id integer,
    opinion_required boolean NOT NULL,
    deadline date,
    department_num integer,
    status character varying,
    request_code bigint NOT NULL
);


ALTER TABLE public.requests OWNER TO postgres;

--
-- Name: requests_request_code_seq; Type: SEQUENCE; Schema: public; Owner: postgres
--

CREATE SEQUENCE public.requests_request_code_seq
    START WITH 1
    INCREMENT BY 1
    NO MINVALUE
    NO MAXVALUE
    CACHE 1;


ALTER TABLE public.requests_request_code_seq OWNER TO postgres;

--
-- Name: requests_request_code_seq; Type: SEQUENCE OWNED BY; Schema: public; Owner: postgres
--

ALTER SEQUENCE public.requests_request_code_seq OWNED BY public.requests.request_code;


--
-- Name: sorts_of_control; Type: TABLE; Schema: public; Owner: postgres
--

CREATE TABLE public.sorts_of_control (
    test_code integer NOT NULL,
    specialization_code integer,
    testing_short_name character varying(10),
    testing_full_name character varying(50)
);


ALTER TABLE public.sorts_of_control OWNER TO postgres;

--
-- Name: specializations; Type: TABLE; Schema: public; Owner: postgres
--

CREATE TABLE public.specializations (
    specialization_code integer NOT NULL,
    validity_period integer,
    specialization_category character varying(50),
    requirement_education character varying(50)
);


ALTER TABLE public.specializations OWNER TO postgres;

--
-- Name: staff; Type: TABLE; Schema: public; Owner: postgres
--

CREATE TABLE public.staff (
    worker_id integer NOT NULL,
    department_num integer,
    staff_additional_information text,
    full_name character varying(50),
    job_title character varying(50),
    contacts character varying(100),
    password character varying(50)
);


ALTER TABLE public.staff OWNER TO postgres;

--
-- Name: staff_specializing; Type: TABLE; Schema: public; Owner: postgres
--

CREATE TABLE public.staff_specializing (
    record_code_sp integer NOT NULL,
    worker_id integer NOT NULL,
    specialization_code integer NOT NULL,
    receiving_date date
);


ALTER TABLE public.staff_specializing OWNER TO postgres;

--
-- Name: tests_in_requests; Type: TABLE; Schema: public; Owner: postgres
--

CREATE TABLE public.tests_in_requests (
    request_code integer NOT NULL,
    control_object_testing_code integer,
    line_code integer,
    comment text,
    worker_id integer,
    files character varying(100),
    testing_status character varying(50),
    object_reg_number character varying(100),
    test_in_request_code bigint NOT NULL
);


ALTER TABLE public.tests_in_requests OWNER TO postgres;

--
-- Name: tests_in_requests_test_in_request_code_seq; Type: SEQUENCE; Schema: public; Owner: postgres
--

CREATE SEQUENCE public.tests_in_requests_test_in_request_code_seq
    START WITH 1
    INCREMENT BY 1
    NO MINVALUE
    NO MAXVALUE
    CACHE 1;


ALTER TABLE public.tests_in_requests_test_in_request_code_seq OWNER TO postgres;

--
-- Name: tests_in_requests_test_in_request_code_seq; Type: SEQUENCE OWNED BY; Schema: public; Owner: postgres
--

ALTER SEQUENCE public.tests_in_requests_test_in_request_code_seq OWNED BY public.tests_in_requests.test_in_request_code;


--
-- Name: requests request_code; Type: DEFAULT; Schema: public; Owner: postgres
--

ALTER TABLE ONLY public.requests ALTER COLUMN request_code SET DEFAULT nextval('public.requests_request_code_seq'::regclass);


--
-- Name: tests_in_requests test_in_request_code; Type: DEFAULT; Schema: public; Owner: postgres
--

ALTER TABLE ONLY public.tests_in_requests ALTER COLUMN test_in_request_code SET DEFAULT nextval('public.tests_in_requests_test_in_request_code_seq'::regclass);


--
-- Data for Name: control_objects_testing; Type: TABLE DATA; Schema: public; Owner: postgres
--

COPY public.control_objects_testing (control_object_testing_code, test_code, works_description, control_object_code) FROM stdin;
0	3	Специальных приборов не требуется	2
1	1	Требуется направленный микрофон	2
2	1	Требуется направленный микрофон	5
3	0	-	0
4	0	Проводится при постепенном нагдреве до 800 С	5
5	3	-	1
\.


--
-- Data for Name: departments; Type: TABLE DATA; Schema: public; Owner: postgres
--

COPY public.departments (department_num, short_name, dep_full_name, entity_short_name, entity_full_name, director_name) FROM stdin;
6	\N	\N	\N	\N	\N
7	\N	\N	\N	\N	\N
0	ДИТ	dfihsd	ioghjgioh	wuwe	hpkogfpohgf gf
1	ЛНК	Лаборатория неразрушающего контроля	-	-	Головин Александр Константинович
2	ДИС	Департамент информационных систем	А12	Управление	Кудрявцев Сергей Даниилович
3	ФПЖ	Цех фильтрации производсвенных жидкостей	КГПТО	Комплекс глубокой переработки тяжелых остатков	Семенова Василиса Матвеевна
4	Ф4	Факел 4	КГПТО	Комплекс глубокой переработки тяжелых остатков	Шевцов Филипп Дамирович
5	СТ	Столовая	КГПТО	Комплекс глубокой переработки тяжелых остатков	Филимонова Александра Артемьевна
\.


--
-- Data for Name: objects_of_control; Type: TABLE DATA; Schema: public; Owner: postgres
--

COPY public.objects_of_control (control_object_code, additional_information, category, subcategory, documents) FROM stdin;
2	13 тарелок	Рект. колонна	LN13-89	-
3	ryzen 3100g, 8, 512gb	ПК	днс-1749	-
5	Сталь, чугун, вес 2400кг	Печь промышленная	ZM-14	-
0	45 метров год изготовления 1998	Ленточный конвеер	gs-45	-
1	Алюминий,пластик	барьер сдвижной	greta light	-
\.


--
-- Data for Name: requests; Type: TABLE DATA; Schema: public; Owner: postgres
--

COPY public.requests (number_of_tests, worker_id, opinion_required, deadline, department_num, status, request_code) FROM stdin;
1	5	f	2023-05-05	5	в обработке	1
1	4	t	2023-06-19	2	производится	3
\N	\N	t	2023-05-12	2	\N	4
\N	\N	t	2023-05-12	2	\N	5
3	7	f	2023-05-13	3	производится	2
\N	5	t	2023-05-28	2	в обработке	50
\N	5	t	2023-05-28	2	в обработке	51
\N	5	t	2023-05-28	2	в обработке	52
\N	5	t	2023-05-28	2	в обработке	53
\N	5	t	2023-05-28	2	в обработке	54
\N	5	t	2023-05-28	2	в обработке	55
\N	5	t	2023-05-28	2	в обработке	56
\N	5	t	2023-05-28	2	в обработке	58
\N	5	f	2023-05-28	2	в обработке	59
\N	5	t	2023-05-28	2	в обработке	60
\N	5	f	2023-05-28	2	в обработке	61
\N	5	f	2023-05-28	2	в обработке	62
\N	5	t	2023-05-28	2	в обработке	63
\N	5	t	2023-05-28	2	в обработке	64
\N	5	f	2023-05-28	2	в обработке	65
\N	5	t	2023-05-28	2	в обработке	66
\N	5	t	2023-05-28	2	в обработке	67
\N	5	t	2023-05-28	2	в обработке	68
\N	5	t	2023-05-28	2	в обработке	69
\N	5	t	2023-05-28	2	в обработке	70
\N	5	t	2023-05-28	2	в обработке	71
\N	5	t	2023-05-28	2	в обработке	72
\N	5	t	2023-05-28	2	в обработке	73
\N	5	t	2023-05-28	2	в обработке	74
\N	5	t	2023-05-28	2	в обработке	75
\N	5	t	2023-05-28	2	в обработке	76
\N	\N	f	2023-06-04	2	выполняется	6
\N	5	f	2023-06-02	2	в обработке	49
\N	5	t	2023-06-04	4	в обработке	77
\.


--
-- Data for Name: sorts_of_control; Type: TABLE DATA; Schema: public; Owner: postgres
--

COPY public.sorts_of_control (test_code, specialization_code, testing_short_name, testing_full_name) FROM stdin;
1	0	АЭ	Акустико-эмиссионный контроль
0	1	ТК	Тепловой контроль 
2	1	СК	Спектральный анализ
3	0	ЦД	Цветная дефектоскопия
\.


--
-- Data for Name: specializations; Type: TABLE DATA; Schema: public; Owner: postgres
--

COPY public.specializations (specialization_code, validity_period, specialization_category, requirement_education) FROM stdin;
1	5	Инженер по неразрушющему контролю	Высшее-специальное
2	5	Главный инженер	Высшее-техническое
0	4	Специалист по неразрушающему контролю	Среднее-специальное
5	5	Оператор ЛНК	Среднее-специальное
3	0	Бухгалтер	Среднее-специальное
4	0	Менеджер	Высшее
\.


--
-- Data for Name: staff; Type: TABLE DATA; Schema: public; Owner: postgres
--

COPY public.staff (worker_id, department_num, staff_additional_information, full_name, job_title, contacts, password) FROM stdin;
1	1	Среднее специальное образование(КНН)	Попов Арсений Иванович	Оператор ЛНК	89872916353	4444
4	2	-	Дубинин Павел Дмитриевич	Заместитель директора	89552346582	gdfg45wcg3
3	1	-	Сычева Ульяна Алексеевна	Специалист по неразрушающему контролю	89552345892	3333
2	1	-	Демидов Лев Викторович	Инженер по неразрушающему контролю	89874324123	2222
6	1	-	Головин Александр Константинович	Директор	89879502562	sdt4Gdfui6ll
7	2	-	Кудрявцев Сергей Данииловичч	Директор	89879508796	r3GHHsdfsd3
5	3	-	Семенова Василиса Матвеевна	Директор	89879502562	5555
\.


--
-- Data for Name: staff_specializing; Type: TABLE DATA; Schema: public; Owner: postgres
--

COPY public.staff_specializing (record_code_sp, worker_id, specialization_code, receiving_date) FROM stdin;
0	1	5	2023-06-30
1	2	1	2017-06-30
2	3	0	2019-07-28
3	4	3	2013-07-28
4	5	4	2007-12-17
5	6	4	2018-02-17
6	7	4	2012-11-22
\.


--
-- Data for Name: tests_in_requests; Type: TABLE DATA; Schema: public; Owner: postgres
--

COPY public.tests_in_requests (request_code, control_object_testing_code, line_code, comment, worker_id, files, testing_status, object_reg_number, test_in_request_code) FROM stdin;
1	1	3	есть вибрации при работе	3	\N	в обработке	324575356	1
2	4	1	\N	2	\N	производится	RW2356	2
2	4	1	\N	2	\N	производится	RW2357	3
2	2	3	\N	3	\N	производится	ZK2468W	4
57	4	23	comment	\N	https://www.youtube.com/watch?v=dQw4w9WgXcQ&pp=ygUIcmlja3JvbGw%3D	в обработке	uwu	5
57	4	23	comment	\N	https://www.youtube.com/watch?v=dQw4w9WgXcQ&pp=ygUIcmlja3JvbGw%3D	в обработке	uwu	6
59	4	2	commen	\N	rick	в обработке	45uwu10z	7
60	4	3	commen	\N	rick	в обработке	45uwu10z	8
60	4	3	commen	\N	rick	в обработке	45uwu10z2	9
61	3	6	comme	\N		в обработке	rruwu20	10
62	2	4	comme	\N		в обработке	76uu4	11
64	4	6	comm	\N		в обработке	76uwu4	13
66	4	8	очередная тестовая заявка	\N	ы	в обработке	t43yt	15
66	4	9	очередная тестовая заявка 2	\N	ыы	в обработке	t43yt5	16
72	3	4	a	\N		в обработке	AAaAAaAAaaaa	20
74	1	5	a	\N	a	в обработке	a	21
75	1	6	a	2	a	в обработке	a	22
\.


--
-- Name: requests_request_code_seq; Type: SEQUENCE SET; Schema: public; Owner: postgres
--

SELECT pg_catalog.setval('public.requests_request_code_seq', 77, true);


--
-- Name: tests_in_requests_test_in_request_code_seq; Type: SEQUENCE SET; Schema: public; Owner: postgres
--

SELECT pg_catalog.setval('public.tests_in_requests_test_in_request_code_seq', 23, true);


--
-- Name: control_objects_testing control_objects_testing_pkey; Type: CONSTRAINT; Schema: public; Owner: postgres
--

ALTER TABLE ONLY public.control_objects_testing
    ADD CONSTRAINT control_objects_testing_pkey PRIMARY KEY (control_object_testing_code);


--
-- Name: departments department_pkey; Type: CONSTRAINT; Schema: public; Owner: postgres
--

ALTER TABLE ONLY public.departments
    ADD CONSTRAINT department_pkey PRIMARY KEY (department_num);


--
-- Name: requests requests_pkey; Type: CONSTRAINT; Schema: public; Owner: postgres
--

ALTER TABLE ONLY public.requests
    ADD CONSTRAINT requests_pkey PRIMARY KEY (request_code);


--
-- Name: sorts_of_control sorts_of_control_pkey; Type: CONSTRAINT; Schema: public; Owner: postgres
--

ALTER TABLE ONLY public.sorts_of_control
    ADD CONSTRAINT sorts_of_control_pkey PRIMARY KEY (test_code);


--
-- Name: specializations specializations_pkey; Type: CONSTRAINT; Schema: public; Owner: postgres
--

ALTER TABLE ONLY public.specializations
    ADD CONSTRAINT specializations_pkey PRIMARY KEY (specialization_code);


--
-- Name: staff staff_pkey; Type: CONSTRAINT; Schema: public; Owner: postgres
--

ALTER TABLE ONLY public.staff
    ADD CONSTRAINT staff_pkey PRIMARY KEY (worker_id);


--
-- Name: staff_specializing staff_specializing _pkey; Type: CONSTRAINT; Schema: public; Owner: postgres
--

ALTER TABLE ONLY public.staff_specializing
    ADD CONSTRAINT "staff_specializing _pkey" PRIMARY KEY (record_code_sp);


--
-- Name: tests_in_requests tests_in_requests_pkey; Type: CONSTRAINT; Schema: public; Owner: postgres
--

ALTER TABLE ONLY public.tests_in_requests
    ADD CONSTRAINT tests_in_requests_pkey PRIMARY KEY (test_in_request_code);


--
-- Name: objects_of_control оbjects_of_control_pkey; Type: CONSTRAINT; Schema: public; Owner: postgres
--

ALTER TABLE ONLY public.objects_of_control
    ADD CONSTRAINT "оbjects_of_control_pkey" PRIMARY KEY (control_object_code);


--
-- Name: control_objects_testing control_objects_testing_object_category_code_fkey; Type: FK CONSTRAINT; Schema: public; Owner: postgres
--

ALTER TABLE ONLY public.control_objects_testing
    ADD CONSTRAINT control_objects_testing_object_category_code_fkey FOREIGN KEY (control_object_code) REFERENCES public.objects_of_control(control_object_code) NOT VALID;


--
-- Name: control_objects_testing control_objects_testing_testing_code_fkey; Type: FK CONSTRAINT; Schema: public; Owner: postgres
--

ALTER TABLE ONLY public.control_objects_testing
    ADD CONSTRAINT control_objects_testing_testing_code_fkey FOREIGN KEY (test_code) REFERENCES public.sorts_of_control(test_code) NOT VALID;


--
-- Name: requests requests_declarant_id_fkey; Type: FK CONSTRAINT; Schema: public; Owner: postgres
--

ALTER TABLE ONLY public.requests
    ADD CONSTRAINT requests_declarant_id_fkey FOREIGN KEY (worker_id) REFERENCES public.staff(worker_id) NOT VALID;


--
-- Name: requests requests_department_id_fkey; Type: FK CONSTRAINT; Schema: public; Owner: postgres
--

ALTER TABLE ONLY public.requests
    ADD CONSTRAINT requests_department_id_fkey FOREIGN KEY (department_num) REFERENCES public.departments(department_num) NOT VALID;


--
-- Name: sorts_of_control sorts_of_control_necessary_specialist_fkey; Type: FK CONSTRAINT; Schema: public; Owner: postgres
--

ALTER TABLE ONLY public.sorts_of_control
    ADD CONSTRAINT sorts_of_control_necessary_specialist_fkey FOREIGN KEY (specialization_code) REFERENCES public.specializations(specialization_code) NOT VALID;


--
-- Name: staff staff_department_fkey; Type: FK CONSTRAINT; Schema: public; Owner: postgres
--

ALTER TABLE ONLY public.staff
    ADD CONSTRAINT staff_department_fkey FOREIGN KEY (department_num) REFERENCES public.departments(department_num) NOT VALID;


--
-- Name: staff_specializing staff_specializing_code_of_specialization_fkey; Type: FK CONSTRAINT; Schema: public; Owner: postgres
--

ALTER TABLE ONLY public.staff_specializing
    ADD CONSTRAINT staff_specializing_code_of_specialization_fkey FOREIGN KEY (specialization_code) REFERENCES public.specializations(specialization_code) NOT VALID;


--
-- Name: staff_specializing staff_specializing_worker_id_fkey; Type: FK CONSTRAINT; Schema: public; Owner: postgres
--

ALTER TABLE ONLY public.staff_specializing
    ADD CONSTRAINT staff_specializing_worker_id_fkey FOREIGN KEY (worker_id) REFERENCES public.staff(worker_id) NOT VALID;


--
-- Name: tests_in_requests tests_in_requests_control_object_testing_code_fkey; Type: FK CONSTRAINT; Schema: public; Owner: postgres
--

ALTER TABLE ONLY public.tests_in_requests
    ADD CONSTRAINT tests_in_requests_control_object_testing_code_fkey FOREIGN KEY (control_object_testing_code) REFERENCES public.control_objects_testing(control_object_testing_code) NOT VALID;


--
-- Name: tests_in_requests tests_in_requests_executor_id_fkey; Type: FK CONSTRAINT; Schema: public; Owner: postgres
--

ALTER TABLE ONLY public.tests_in_requests
    ADD CONSTRAINT tests_in_requests_executor_id_fkey FOREIGN KEY (worker_id) REFERENCES public.staff(worker_id) NOT VALID;


--
-- Name: SCHEMA public; Type: ACL; Schema: -; Owner: postgres
--

REVOKE USAGE ON SCHEMA public FROM PUBLIC;


--
-- PostgreSQL database dump complete
--

